place_as_recorded,authorized_label,structured_value,ds_qid
England,,,
France,,,
"Kandy, Ceylon",,,
Greece,,,
Germany,,,
Spain?,,,
Italy,,,
"Florence, Italy",,,
Spain,,,
Russia,,,
"Odisha, India",,,
Northern France or Low Countries,,,
Tibet,,,
Germany?,,,
Japan,,,
Place of production not identified,,,
Iran,,,
France or Low Countries?,,,
Italy?,,,
Belgium?,,,
"Middelburg, Netherlands",,,
Venice?,,,
Cologne,,,
"Gualdo Tadino, Italy",,,
"Liège, Belgium",,,
"Amiens, France",,,
Northern Italy,,,
"Naples, Italy",,,
France?,,,
Burma,,,
"Edessa, Macedonia",,,
"Troyes, France",,,
Balkan Peninsula,,,
"Châlons-sur-Marne, France",,,
Wittenberg?,,,
Czechoslovakia,,,
Naples,,,
"Pisa, Italy?",,,
Netherlands,,,
"Florence, Italy?",,,
"Rouen, France",,,
Southern Germany,,,
India,,,
Low Countries?,,,
Tuscany?,,,
S.l.,,,
Sri Lanka,,,
"Wigmore, Herefordshire, England",,,
"Ferrara, Italy?",,,
Sicily,,,
Kashmir,,,
Eastern Germany or Poland,,,
"Ferrara, Italy",,,
"Venice, Italy",,,
Castro Massignani,,,
"Avignon?, Southern France",,,
"Verona?, Northern Italy",,,
"Tournai, Belgium",,,
"Rome, Italy",,,
England?,,,
Northern France,,,
"French Flanders region of Valenciennes-Mons, France",,,
"Piedmont, Italy",,,
"Northern Flanders (Brussels?), Belgium",,,
"Illustrations, produced separately, from Utrecht, Netherlands?",,,
"Flanders, Belgium",,,
Northern Europe,,,
Bruges,,,
"Tuscany?, Italy",,,
"Florence?, Italy",,,
"Poissy, Northern France",,,
"Paris?, France",,,
"Venice?, Northeastern Italy",,,
"Poissy?, France",,,
"Southern Germany, perhaps Regensburg",,,
Levant,,,
Turkey?,,,
"Shiraz, Iran",,,
Turkey,,,
Iran?,,,
India?,,,
Morocco,,,
"Sinai, Egypt",,,
North Africa?,,,
Orient,,,
Jerusalem.,,,
Thessalonikē,,,
Morocco? North Africa,,,
Fustat,,,
Byzantium or Italy,,,
Europe,,,
Sefarad,,,
Leipzig,,,
Egypt?,,,
Byzantium,,,
Casale Monferrato,,,
Oriental,,,
Nablus?,,,
Cairo,,,
Rhineland,,,
Alexandria,,,
Spain or Italy,,,
Carpentras?,,,
Metz?,,,
Castello,,,
Liśloa,,,
1906,,,
Undated,,,
Provence,,,
"Siena, Italy",,,
Catalonia,,,
"Modena?, Italy",,,
Gorizia,,,
Gazzuolo,,,
1928,,,
Mediterrenean Region,,,
"Fustat, 1098-1114?",,,
"Orient, 12th century-14th century?",,,
Fustat.,,,
al-Maḥalla,,,
Cochin,,,
Jerusalem,,,
Egypt? Iraq?,,,
"Almuḥbasha, Yemen",,,
Provence?,,,
Fustat. 1066-1108?,,,
New York?,,,
"Qalyub, Egypt",,,
Mediterranean,,,
1896,,,
Yemen,,,
Berlin,,,
"Hartmannswiller, France",,,
Danzig,,,
Central Europe,,,
Livorno,,,
Altona,,,
Ancona?,,,
"Padua?, Italy",,,
North Africa,,,
Ṿenetsiʾa,,,
Portugal,,,
Southern Italy?,,,
Be-ʻir Shekhem,,,
1910,,,
Ashkenaz,,,
"Mazara, Sicily.",,,
"Friedrichstadt, Germany",,,
Paris,,,
Part of an ethical treatise in rhymed prose,,,
Ramla,,,
"Asti, Italy",,,
"Prague, Czech Republic",,,
"Saxony, Germany",,,
"Bischheim, France",,,
Mantua,,,
Damietta,,,
between 1200 and 1399?,,,
Cairo?,,,
Gratz?,,,
1901 or 1902,,,
Iṣfahān,,,
Erzincan,,,
17--?,,,
Maghnīsāʼ ; Qusṭanṭīyah,,,
Tokat,,,
Qazvīn,,,
Mecca,,,
Qusṭantinīyah,,,
"Iṣfahān, [",,,
Agra,,,
between 185-? and 189-?,,,
Rasht,,,
Damascus?,,,
"Shīrāz, [",,,
Aleppo,,,
Shīrāz,,,
Irbil,,,
Egypt,,,
Syria,,,
Awrangābād [Pakistan,,,
al-ʻAmārah,,,
Hachadah,,,
Latakia,,,
Syria?,,,
Malatya,,,
160-?,,,
German (Rhineland) or Southeastern Netherlands,,,
"Low Countries, near Brussels?",,,
Northwest Germany,,,
"Flanders, probably Bruges",,,
Ethiopia,,,
Western Europe,,,
"Le-Puy-en-Velay, France",,,
"Antequera, Spain",,,
Southern France,,,
Flanders,,,
Low Countries,,,
Northern/Central Europe (possibly England?),,,
Italy or Southern France,,,
Southern Europe,,,
Northern/Central Europe,,,
Iuelna?,,,
Hamburg,,,
Deux-Sèvres,,,
"Abbey of St. Victor (specific unknown), France?",,,
Mantua?,,,
Islamic world,,,
Armenia,,,
Italy or Spain,,,
